2025-11-19 13:30:03,도심권,중구,23,12,보통
2025-11-19 13:30:03,도심권,종로구,37,19,보통
2025-11-19 13:30:03,도심권,용산구,39,16,보통
2025-11-19 13:30:03,서북권,은평구,20,10,좋음
2025-11-19 13:30:03,서북권,서대문구,24,11,보통
2025-11-19 13:30:03,서북권,마포구,27,11,보통
2025-11-19 13:30:03,동북권,광진구,34,16,보통
2025-11-19 13:30:03,동북권,성동구,38,17,보통
2025-11-19 13:30:03,동북권,중랑구,31,17,보통
2025-11-19 13:30:03,동북권,동대문구,40,18,보통
2025-11-19 13:30:03,동북권,성북구,38,19,보통
2025-11-19 13:30:03,동북권,도봉구,38,20,보통
2025-11-19 13:30:03,동북권,강북구,43,20,보통
2025-11-19 13:30:03,동북권,노원구,34,15,보통
2025-11-19 13:30:03,서남권,강서구,29,10,보통
2025-11-19 13:30:03,서남권,구로구,29,10,보통
2025-11-19 13:30:03,서남권,영등포구,23,11,좋음
2025-11-19 13:30:03,서남권,동작구,38,17,보통
2025-11-19 13:30:03,서남권,관악구,30,12,보통
2025-11-19 13:30:03,서남권,금천구,39,23,보통
2025-11-19 13:30:03,서남권,양천구,27,9,보통
2025-11-19 13:30:03,동남권,강남구,38,13,보통
2025-11-19 13:30:03,동남권,서초구,30,10,보통
2025-11-19 13:30:03,동남권,송파구,35,16,보통
2025-11-19 13:30:03,동남권,강동구,38,15,보통
2025-11-20 13:30:03,도심권,중구,51,33,보통
2025-11-20 13:30:03,도심권,종로구,46,28,보통
2025-11-20 13:30:03,도심권,용산구,61,32,보통
2025-11-20 13:30:03,서북권,은평구,54,27,보통
2025-11-20 13:30:03,서북권,서대문구,52,32,보통
2025-11-20 13:30:03,서북권,마포구,44,23,보통
2025-11-20 13:30:03,동북권,광진구,41,25,보통
2025-11-20 13:30:03,동북권,성동구,46,25,보통
2025-11-20 13:30:03,동북권,중랑구,41,24,보통
2025-11-20 13:30:03,동북권,동대문구,50,26,보통
2025-11-20 13:30:03,동북권,성북구,61,29,보통
2025-11-20 13:30:03,동북권,도봉구,0,0,None
2025-11-20 13:30:03,동북권,강북구,0,0,None
2025-11-20 13:30:03,동북권,노원구,46,26,보통
2025-11-20 13:30:03,서남권,강서구,48,20,보통
2025-11-20 13:30:03,서남권,구로구,55,25,보통
2025-11-20 13:30:03,서남권,영등포구,42,26,보통
2025-11-20 13:30:03,서남권,동작구,43,20,보통
2025-11-20 13:30:03,서남권,관악구,39,21,보통
2025-11-20 13:30:03,서남권,금천구,41,29,보통
2025-11-20 13:30:03,서남권,양천구,46,20,보통
2025-11-20 13:30:03,동남권,강남구,44,20,보통
2025-11-20 13:30:03,동남권,서초구,64,33,보통
2025-11-20 13:30:03,동남권,송파구,43,21,보통
2025-11-20 13:30:03,동남권,강동구,0,0,None
2025-11-25 13:30:03,도심권,중구,96,80,나쁨
2025-11-25 13:30:03,도심권,종로구,91,73,나쁨
2025-11-25 13:30:03,도심권,용산구,93,72,나쁨
2025-11-25 13:30:03,서북권,은평구,109,88,나쁨
2025-11-25 13:30:03,서북권,서대문구,91,88,나쁨
2025-11-25 13:30:03,서북권,마포구,97,80,나쁨
2025-11-25 13:30:03,동북권,광진구,78,63,나쁨
2025-11-25 13:30:03,동북권,성동구,86,61,나쁨
2025-11-25 13:30:03,동북권,중랑구,0,0,None
2025-11-25 13:30:03,동북권,동대문구,86,70,나쁨
2025-11-25 13:30:03,동북권,성북구,94,83,나쁨
2025-11-25 13:30:03,동북권,도봉구,86,76,나쁨
2025-11-25 13:30:03,동북권,강북구,85,63,나쁨
2025-11-25 13:30:03,동북권,노원구,73,57,나쁨
2025-11-25 13:30:03,서남권,강서구,105,80,나쁨
2025-11-25 13:30:03,서남권,구로구,101,81,나쁨
2025-11-25 13:30:03,서남권,영등포구,93,83,나쁨
2025-11-25 13:30:03,서남권,동작구,94,72,나쁨
2025-11-25 13:30:03,서남권,관악구,101,78,나쁨
2025-11-25 13:30:03,서남권,금천구,0,0,None
2025-11-25 13:30:03,서남권,양천구,111,76,나쁨
2025-11-25 13:30:03,동남권,강남구,98,73,나쁨
2025-11-25 13:30:03,동남권,서초구,111,91,나쁨
2025-11-25 13:30:03,동남권,송파구,97,67,나쁨
2025-11-25 13:30:03,동남권,강동구,95,82,나쁨
2025-11-28 09:30:02,도심권,중구,21,18,보통
2025-11-28 09:30:02,도심권,종로구,22,15,보통
2025-11-28 09:30:02,도심권,용산구,28,14,좋음
2025-11-28 09:30:03,서북권,은평구,30,13,좋음
2025-11-28 09:30:03,서북권,서대문구,24,18,보통
2025-11-28 09:30:03,서북권,마포구,23,16,좋음
2025-11-28 09:30:03,동북권,광진구,20,15,좋음
2025-11-28 09:30:03,동북권,성동구,21,14,좋음
2025-11-28 09:30:03,동북권,중랑구,23,15,좋음
2025-11-28 09:30:03,동북권,동대문구,22,10,좋음
2025-11-28 09:30:03,동북권,성북구,22,15,좋음
2025-11-28 09:30:03,동북권,도봉구,24,20,보통
2025-11-28 09:30:03,동북권,강북구,30,15,좋음
2025-11-28 09:30:03,동북권,노원구,26,17,보통
2025-11-28 09:30:03,서남권,강서구,27,16,보통
2025-11-28 09:30:03,서남권,구로구,0,13,좋음
2025-11-28 09:30:03,서남권,영등포구,22,14,보통
2025-11-28 09:30:03,서남권,동작구,22,13,좋음
2025-11-28 09:30:03,서남권,관악구,21,15,좋음
2025-11-28 09:30:03,서남권,금천구,0,0,None
2025-11-28 09:30:03,서남권,양천구,24,14,좋음
2025-11-28 09:30:03,동남권,강남구,22,11,좋음
2025-11-28 09:30:03,동남권,서초구,21,15,좋음
2025-11-28 09:30:03,동남권,송파구,22,16,좋음
2025-11-28 09:30:03,동남권,강동구,26,14,좋음
2025-12-01 09:30:03,도심권,중구,41,13,보통
2025-12-01 09:30:03,도심권,종로구,40,13,보통
2025-12-01 09:30:03,도심권,용산구,49,16,보통
2025-12-01 09:30:03,서북권,은평구,44,16,보통
2025-12-01 09:30:03,서북권,서대문구,38,18,보통
2025-12-01 09:30:03,서북권,마포구,44,17,보통
2025-12-01 09:30:03,동북권,광진구,40,13,보통
2025-12-01 09:30:03,동북권,성동구,37,12,보통
2025-12-01 09:30:03,동북권,중랑구,38,15,보통
2025-12-01 09:30:03,동북권,동대문구,35,10,보통
2025-12-01 09:30:03,동북권,성북구,40,16,보통
2025-12-01 09:30:03,동북권,도봉구,37,23,보통
2025-12-01 09:30:03,동북권,강북구,43,15,보통
2025-12-01 09:30:03,동북권,노원구,42,13,보통
2025-12-01 09:30:03,서남권,강서구,46,16,보통
2025-12-01 09:30:03,서남권,구로구,52,17,보통
2025-12-01 09:30:03,서남권,영등포구,37,17,보통
2025-12-01 09:30:03,서남권,동작구,43,18,보통
2025-12-01 09:30:03,서남권,관악구,42,19,보통
2025-12-01 09:30:03,서남권,양천구,50,11,보통
2025-12-01 09:30:03,동남권,강남구,43,14,보통
2025-12-01 09:30:03,동남권,서초구,48,21,보통
2025-12-01 09:30:03,동남권,송파구,44,11,보통
2025-12-01 09:30:03,동남권,강동구,43,15,보통
2025-11-25 09:30:02,도심권,중구,56,39,나쁨
2025-11-25 09:30:02,도심권,종로구,47,31,나쁨
2025-11-25 09:30:02,도심권,용산구,48,24,나쁨
2025-11-25 09:30:02,서북권,은평구,49,36,나쁨
2025-11-25 09:30:02,서북권,서대문구,44,39,나쁨
2025-11-25 09:30:02,서북권,마포구,46,39,나쁨
2025-11-25 09:30:02,동북권,광진구,45,30,나쁨
2025-11-25 09:30:02,동북권,성동구,43,25,나쁨
2025-11-25 09:30:02,동북권,중랑구,45,32,나쁨
2025-11-25 09:30:02,동북권,동대문구,46,32,나쁨
2025-11-25 09:30:02,동북권,성북구,43,33,나쁨
2025-11-25 09:30:02,동북권,도봉구,40,37,나쁨
2025-11-25 09:30:02,동북권,강북구,34,20,나쁨
2025-11-25 09:30:02,동북권,노원구,37,24,나쁨
2025-11-25 09:30:02,서남권,강서구,58,39,나쁨
2025-11-25 09:30:02,서남권,구로구,54,38,나쁨
2025-11-25 09:30:02,서남권,영등포구,52,39,나쁨
2025-11-25 09:30:02,서남권,동작구,52,37,나쁨
2025-11-25 09:30:02,서남권,관악구,55,36,나쁨
2025-11-25 09:30:02,서남권,금천구,61,45,나쁨
2025-11-25 09:30:02,서남권,양천구,71,36,나쁨
2025-11-25 09:30:02,동남권,강남구,50,36,나쁨
2025-11-25 09:30:02,동남권,서초구,68,53,매우나쁨
2025-11-25 09:30:02,동남권,송파구,48,29,나쁨
2025-11-25 09:30:02,동남권,강동구,71,58,나쁨
2025-11-26 09:30:02,도심권,중구,58,45,나쁨
2025-11-26 09:30:02,도심권,종로구,58,45,나쁨
2025-11-26 09:30:02,도심권,용산구,78,50,나쁨
2025-11-26 09:30:02,서북권,은평구,52,40,나쁨
2025-11-26 09:30:02,서북권,서대문구,47,43,나쁨
2025-11-26 09:30:02,서북권,마포구,57,40,나쁨
2025-11-26 09:30:02,동북권,광진구,56,44,나쁨
2025-11-26 09:30:02,동북권,성동구,55,42,나쁨
2025-11-26 09:30:02,동북권,중랑구,57,44,나쁨
2025-11-26 09:30:02,동북권,동대문구,55,42,나쁨
2025-11-26 09:30:02,동북권,성북구,55,42,나쁨
2025-11-26 09:30:02,동북권,도봉구,48,38,나쁨
2025-11-26 09:30:02,동북권,강북구,53,36,나쁨
2025-11-26 09:30:02,동북권,노원구,56,45,나쁨
2025-11-26 09:30:02,서남권,강서구,68,46,나쁨
2025-11-26 09:30:02,서남권,구로구,68,46,나쁨
2025-11-26 09:30:02,서남권,영등포구,58,44,나쁨
2025-11-26 09:30:02,서남권,동작구,58,45,나쁨
2025-11-26 09:30:02,서남권,관악구,55,38,나쁨
2025-11-26 09:30:02,서남권,양천구,72,45,나쁨
2025-11-26 09:30:02,동남권,강남구,58,45,나쁨
2025-11-26 09:30:02,동남권,서초구,69,51,나쁨
2025-11-26 09:30:02,동남권,송파구,67,45,나쁨
2025-11-26 09:30:02,동남권,강동구,72,58,나쁨
2025-11-26 13:30:03,도심권,중구,22,16,보통
2025-11-26 13:30:03,도심권,종로구,26,17,보통
2025-11-26 13:30:03,도심권,용산구,35,17,보통
2025-11-26 13:30:03,서북권,은평구,23,11,보통
2025-11-26 13:30:03,서북권,서대문구,19,13,보통
2025-11-26 13:30:03,서북권,마포구,24,17,보통
2025-11-26 13:30:03,동북권,광진구,38,26,나쁨
2025-11-26 13:30:03,동북권,성동구,31,18,보통
2025-11-26 13:30:03,동북권,중랑구,37,26,나쁨
2025-11-26 13:30:03,동북권,동대문구,27,14,보통
2025-11-26 13:30:03,동북권,성북구,21,15,보통
2025-11-26 13:30:03,동북권,도봉구,17,11,보통
2025-11-26 13:30:03,동북권,강북구,22,13,보통
2025-11-26 13:30:03,동북권,노원구,27,18,나쁨
2025-11-26 13:30:03,서남권,강서구,30,16,보통
2025-11-26 13:30:03,서남권,구로구,41,18,보통
2025-11-26 13:30:03,서남권,영등포구,26,18,보통
2025-11-26 13:30:03,서남권,동작구,33,21,보통
2025-11-26 13:30:03,서남권,관악구,31,19,보통
2025-11-26 13:30:03,서남권,금천구,0,0,None
2025-11-26 13:30:03,서남권,양천구,34,17,보통
2025-11-26 13:30:03,동남권,강남구,33,20,보통
2025-11-26 13:30:03,동남권,서초구,28,20,보통
2025-11-26 13:30:03,동남권,송파구,42,27,나쁨
2025-11-26 13:30:03,동남권,강동구,40,22,나쁨
2025-11-27 13:30:02,도심권,중구,25,21,보통
2025-11-27 13:30:02,도심권,종로구,23,17,보통
2025-11-27 13:30:02,도심권,용산구,42,24,보통
2025-11-27 13:30:02,서북권,은평구,30,24,보통
2025-11-27 13:30:02,서북권,서대문구,29,26,보통
2025-11-27 13:30:02,서북권,마포구,28,18,보통
2025-11-27 13:30:02,동북권,광진구,22,15,보통
2025-11-27 13:30:02,동북권,성동구,19,14,보통
2025-11-27 13:30:02,동북권,중랑구,16,12,보통
2025-11-27 13:30:02,동북권,동대문구,23,15,보통
2025-11-27 13:30:02,동북권,성북구,25,22,보통
2025-11-27 13:30:02,동북권,도봉구,0,17,보통
2025-11-27 13:30:02,동북권,강북구,19,13,보통
2025-11-27 13:30:02,동북권,노원구,18,13,보통
2025-11-27 13:30:02,서남권,강서구,31,24,좋음
2025-11-27 13:30:02,서남권,구로구,37,27,보통
2025-11-27 13:30:02,서남권,영등포구,25,22,보통
2025-11-27 13:30:02,서남권,동작구,23,17,좋음
2025-11-27 13:30:02,서남권,관악구,27,17,좋음
2025-11-27 13:30:02,서남권,금천구,0,0,None
2025-11-27 13:30:02,서남권,양천구,31,16,좋음
2025-11-27 13:30:02,동남권,강남구,26,19,보통
2025-11-27 13:30:02,동남권,서초구,31,25,보통
2025-11-27 13:30:02,동남권,송파구,22,16,보통
2025-11-27 13:30:02,동남권,강동구,33,22,보통
2025-12-01 13:30:02,도심권,중구,43,22,보통
2025-12-01 13:30:02,도심권,종로구,44,20,보통
2025-12-01 13:30:02,도심권,용산구,52,23,보통
2025-12-01 13:30:02,서북권,은평구,46,21,보통
2025-12-01 13:30:02,서북권,서대문구,45,20,보통
2025-12-01 13:30:02,서북권,마포구,41,22,보통
2025-12-01 13:30:02,동북권,광진구,39,18,보통
2025-12-01 13:30:02,동북권,성동구,41,21,보통
2025-12-01 13:30:02,동북권,중랑구,39,19,보통
2025-12-01 13:30:03,동북권,동대문구,44,21,보통
2025-12-01 13:30:03,동북권,성북구,39,20,보통
2025-12-01 13:30:03,동북권,도봉구,41,18,보통
2025-12-01 13:30:03,동북권,강북구,43,18,보통
2025-12-01 13:30:03,동북권,노원구,41,17,보통
2025-12-01 13:30:03,서남권,강서구,51,17,보통
2025-12-01 13:30:03,서남권,구로구,49,24,보통
2025-12-01 13:30:03,서남권,영등포구,37,21,보통
2025-12-01 13:30:03,서남권,동작구,42,22,보통
2025-12-01 13:30:03,서남권,관악구,0,0,None
2025-12-01 13:30:03,서남권,금천구,0,0,None
2025-12-01 13:30:03,서남권,양천구,45,18,보통
2025-12-01 13:30:03,동남권,강남구,39,15,보통
2025-12-01 13:30:03,동남권,서초구,56,27,보통
2025-12-01 13:30:03,동남권,송파구,42,16,보통
2025-12-01 13:30:03,동남권,강동구,50,21,보통
2025-12-02 13:30:02,도심권,중구,20,13,보통
2025-12-02 13:30:02,도심권,종로구,23,14,보통
2025-12-02 13:30:02,도심권,용산구,26,10,좋음
2025-12-02 13:30:02,서북권,은평구,25,10,보통
2025-12-02 13:30:02,서북권,서대문구,22,13,보통
2025-12-02 13:30:02,서북권,마포구,26,17,보통
2025-12-02 13:30:02,동북권,광진구,17,7,보통
2025-12-02 13:30:02,동북권,성동구,19,7,보통
2025-12-02 13:30:02,동북권,중랑구,20,7,좋음
2025-12-02 13:30:02,동북권,동대문구,17,7,보통
2025-12-02 13:30:02,동북권,성북구,17,9,보통
2025-12-02 13:30:02,동북권,도봉구,10,7,보통
2025-12-02 13:30:02,동북권,강북구,21,8,보통
2025-12-02 13:30:02,동북권,노원구,0,0,None
2025-12-02 13:30:02,서남권,강서구,28,8,보통
2025-12-02 13:30:02,서남권,구로구,28,13,좋음
2025-12-02 13:30:02,서남권,영등포구,21,11,좋음
2025-12-02 13:30:02,서남권,동작구,19,11,좋음
2025-12-02 13:30:02,서남권,관악구,19,9,좋음
2025-12-02 13:30:02,서남권,금천구,0,0,None
2025-12-02 13:30:02,서남권,양천구,26,9,보통
2025-12-02 13:30:02,동남권,강남구,15,3,좋음
2025-12-02 13:30:02,동남권,서초구,26,10,좋음
2025-12-02 13:30:02,동남권,송파구,18,4,좋음
2025-12-02 13:30:02,동남권,강동구,25,9,보통
2025-12-04 09:30:03,도심권,중구,24,6,좋음
2025-12-04 09:30:03,도심권,종로구,16,7,보통
2025-12-04 09:30:03,도심권,용산구,27,10,좋음
2025-12-04 09:30:03,서북권,은평구,20,6,좋음
2025-12-04 09:30:03,서북권,서대문구,18,9,좋음
2025-12-04 09:30:03,서북권,마포구,16,8,좋음
2025-12-04 09:30:03,동북권,광진구,22,11,좋음
2025-12-04 09:30:03,동북권,성동구,16,7,좋음
2025-11-19 09:30:03,도심권,중구,37,16,보통
2025-11-19 09:30:03,도심권,종로구,34,14,보통
2025-11-19 09:30:03,도심권,용산구,52,19,보통
2025-11-19 09:30:03,서북권,은평구,33,17,보통
2025-11-19 09:30:03,서북권,서대문구,38,17,보통
2025-11-19 09:30:03,서북권,마포구,31,14,좋음
2025-11-19 09:30:03,동북권,광진구,33,12,보통
2025-11-19 09:30:03,동북권,성동구,33,13,좋음
2025-11-19 09:30:03,동북권,중랑구,29,12,보통
2025-11-19 09:30:03,동북권,동대문구,32,8,보통
2025-11-19 09:30:03,동북권,성북구,41,15,보통
2025-11-19 09:30:03,동북권,도봉구,39,15,보통
2025-11-19 09:30:03,동북권,강북구,37,11,보통
2025-11-19 09:30:03,동북권,노원구,38,18,보통
2025-11-19 09:30:03,서남권,강서구,34,13,보통
2025-11-19 09:30:03,서남권,구로구,44,13,보통
2025-11-19 09:30:03,서남권,영등포구,31,12,보통
2025-11-19 09:30:03,서남권,동작구,30,13,보통
2025-11-19 09:30:03,서남권,관악구,31,11,보통
2025-11-19 09:30:03,서남권,금천구,36,18,보통
2025-11-19 09:30:03,서남권,양천구,34,8,보통
2025-11-19 09:30:03,동남권,강남구,37,13,보통
2025-11-19 09:30:03,동남권,서초구,52,18,보통
2025-11-19 09:30:03,동남권,송파구,35,14,보통
2025-11-19 09:30:03,동남권,강동구,46,19,보통
2025-11-28 13:30:02,도심권,중구,16,9,좋음
2025-11-28 13:30:02,도심권,종로구,20,14,보통
2025-11-28 13:30:02,도심권,용산구,26,13,보통
2025-11-28 13:30:02,서북권,은평구,23,12,좋음
2025-11-28 13:30:02,서북권,서대문구,0,19,보통
2025-11-28 13:30:02,서북권,마포구,22,14,보통
2025-11-28 13:30:02,동북권,광진구,25,13,좋음
2025-11-28 13:30:02,동북권,성동구,22,17,좋음
2025-11-28 13:30:02,동북권,중랑구,24,18,좋음
2025-11-28 13:30:02,동북권,동대문구,27,15,좋음
2025-11-28 13:30:02,동북권,성북구,18,16,좋음
2025-11-28 13:30:02,동북권,도봉구,22,16,보통
2025-11-28 13:30:02,동북권,강북구,25,18,좋음
2025-11-28 13:30:02,동북권,노원구,23,18,보통
2025-11-28 13:30:02,서남권,강서구,18,14,좋음
2025-11-28 13:30:02,서남권,구로구,21,8,좋음
2025-11-28 13:30:02,서남권,영등포구,21,14,좋음
2025-11-28 13:30:02,서남권,동작구,24,17,좋음
2025-11-28 13:30:02,서남권,관악구,20,13,좋음
2025-11-28 13:30:02,서남권,금천구,0,0,None
2025-11-28 13:30:02,서남권,양천구,27,13,좋음
2025-11-28 13:30:02,동남권,강남구,21,11,좋음
2025-11-28 13:30:02,동남권,서초구,0,0,None
2025-11-28 13:30:02,동남권,송파구,23,10,좋음
2025-11-28 13:30:02,동남권,강동구,20,16,좋음
2025-12-04 09:30:03,동북권,중랑구,15,7,좋음
2025-12-04 09:30:03,동북권,동대문구,17,2,좋음
2025-12-04 09:30:03,동북권,성북구,18,10,좋음
2025-12-04 09:30:03,동북권,도봉구,22,11,좋음
2025-12-04 09:30:03,동북권,강북구,15,4,좋음
2025-12-04 09:30:03,동북권,노원구,22,10,좋음
2025-12-04 09:30:03,서남권,강서구,20,6,좋음
2025-12-04 09:30:03,서남권,구로구,0,8,좋음
2025-12-04 09:30:03,서남권,영등포구,16,7,좋음
2025-12-04 09:30:03,서남권,동작구,17,5,좋음
2025-12-04 09:30:03,서남권,관악구,15,8,좋음
2025-12-04 09:30:03,서남권,금천구,0,0,None
2025-12-04 09:30:03,서남권,양천구,17,6,좋음
2025-12-04 09:30:03,동남권,강남구,19,7,보통
2025-12-04 09:30:03,동남권,서초구,17,7,좋음
2025-12-04 09:30:03,동남권,송파구,19,7,좋음
2025-12-04 09:30:03,동남권,강동구,26,6,좋음
2025-12-05 09:30:02,도심권,중구,29,17,보통
2025-12-05 09:30:02,도심권,종로구,28,18,보통
2025-12-05 09:30:02,도심권,용산구,31,14,보통
2025-12-05 09:30:02,서북권,은평구,36,17,보통
2025-12-05 09:30:02,서북권,서대문구,36,21,보통
2025-12-05 09:30:02,서북권,마포구,25,14,좋음
2025-12-05 09:30:02,동북권,광진구,27,16,보통
2025-12-05 09:30:02,동북권,성동구,22,13,좋음
2025-12-05 09:30:02,동북권,중랑구,29,18,보통
2025-12-05 09:30:02,동북권,동대문구,25,14,좋음
2025-12-05 09:30:02,동북권,성북구,28,17,보통
2025-12-05 09:30:02,동북권,도봉구,29,20,보통
2025-12-05 09:30:02,동북권,강북구,31,19,보통
2025-12-05 09:30:02,동북권,노원구,32,21,보통
2025-12-05 09:30:02,서남권,강서구,32,15,보통
2025-12-05 09:30:02,서남권,구로구,31,17,보통
2025-12-05 09:30:02,서남권,영등포구,24,14,보통
2025-12-05 09:30:02,서남권,동작구,25,13,보통
2025-12-05 09:30:02,서남권,관악구,24,13,보통
2025-12-05 09:30:02,서남권,금천구,0,0,None
2025-12-05 09:30:02,서남권,양천구,31,15,보통
2025-12-05 09:30:02,동남권,강남구,26,12,좋음
2025-12-05 09:30:02,동남권,서초구,31,15,보통
2025-12-05 09:30:02,동남권,송파구,27,17,보통
2025-12-05 09:30:02,동남권,강동구,36,24,보통
2025-12-05 13:30:02,도심권,중구,29,13,보통
2025-12-05 13:30:02,도심권,종로구,30,17,보통
2025-12-05 13:30:02,도심권,용산구,38,17,보통
2025-12-05 13:30:02,서북권,은평구,37,18,보통
2025-12-05 13:30:02,서북권,서대문구,33,16,보통
2025-12-05 13:30:02,서북권,마포구,35,22,보통
2025-12-05 13:30:02,동북권,광진구,29,15,좋음
2025-12-05 13:30:02,동북권,성동구,32,15,좋음
2025-12-05 13:30:02,동북권,중랑구,31,19,보통
2025-12-05 13:30:02,동북권,동대문구,31,15,좋음
2025-12-05 13:30:02,동북권,성북구,0,0,보통
2025-12-05 13:30:02,동북권,도봉구,34,20,None
2025-12-05 13:30:02,동북권,강북구,38,22,보통
2025-12-05 13:30:02,동북권,노원구,35,22,보통
2025-12-05 13:30:02,서남권,강서구,34,14,보통
2025-12-05 13:30:02,서남권,구로구,32,14,보통
2025-12-05 13:30:02,서남권,영등포구,26,16,보통
2025-12-05 13:30:02,서남권,동작구,29,15,좋음
2025-12-05 13:30:02,서남권,관악구,25,13,좋음
2025-12-05 13:30:02,서남권,금천구,0,0,None
2025-12-05 13:30:02,서남권,양천구,30,10,보통
2025-12-05 13:30:02,동남권,강남구,24,7,좋음
2025-12-05 13:30:02,동남권,서초구,32,14,보통
2025-12-05 13:30:02,동남권,송파구,28,13,좋음
2025-12-05 13:30:02,동남권,강동구,39,17,보통
2025-12-08 09:30:06,도심권,중구,43,23,나쁨
2025-12-08 09:30:06,도심권,종로구,37,19,보통
2025-12-08 09:30:06,도심권,용산구,48,20,보통
2025-12-08 09:30:06,서북권,은평구,46,20,나쁨
2025-12-08 09:30:06,서북권,서대문구,40,23,나쁨
2025-12-08 09:30:06,서북권,마포구,33,15,보통
2025-12-08 09:30:06,동북권,광진구,32,16,보통
2025-12-08 09:30:06,동북권,성동구,31,15,보통
2025-12-08 09:30:06,동북권,중랑구,31,19,나쁨
2025-12-08 09:30:06,동북권,동대문구,34,14,보통
2025-12-08 09:30:06,동북권,성북구,35,16,보통
2025-12-08 09:30:06,동북권,도봉구,36,17,보통
2025-12-08 09:30:06,동북권,강북구,38,13,보통
2025-12-08 09:30:06,동북권,노원구,46,26,나쁨
2025-12-08 09:30:06,서남권,강서구,38,18,보통
2025-12-08 09:30:06,서남권,구로구,51,17,보통
2025-12-08 09:30:06,서남권,영등포구,33,17,보통
2025-12-08 09:30:06,서남권,동작구,33,16,보통
2025-12-08 09:30:06,서남권,관악구,31,15,보통
2025-12-08 09:30:06,서남권,금천구,0,0,None
2025-12-08 09:30:06,서남권,양천구,42,17,보통
2025-12-08 09:30:06,동남권,강남구,35,15,보통
2025-12-08 09:30:06,동남권,서초구,44,15,보통
2025-12-08 09:30:06,동남권,송파구,36,17,보통
2025-12-08 09:30:06,동남권,강동구,42,15,나쁨
2025-11-21 09:30:03,도심권,중구,23,10,보통
2025-11-21 09:30:03,도심권,종로구,24,8,보통
2025-11-21 09:30:03,도심권,용산구,0,16,보통
2025-11-21 09:30:03,서북권,은평구,24,7,좋음
2025-11-21 09:30:03,서북권,서대문구,22,15,좋음
2025-11-21 09:30:03,서북권,마포구,28,13,보통
2025-11-21 09:30:03,동북권,광진구,23,8,보통
2025-11-21 09:30:03,동북권,성동구,28,9,보통
2025-11-21 09:30:03,동북권,중랑구,21,9,보통
2025-11-21 09:30:03,동북권,동대문구,24,3,보통
2025-11-21 09:30:03,동북권,성북구,30,11,보통
2025-11-21 09:30:03,동북권,도봉구,24,13,보통
2025-11-21 09:30:03,동북권,강북구,26,6,좋음
2025-11-21 09:30:03,동북권,노원구,23,9,보통
2025-11-21 09:30:03,서남권,강서구,29,9,보통
2025-11-21 09:30:03,서남권,구로구,46,13,보통
2025-11-21 09:30:03,서남권,영등포구,25,11,보통
2025-11-21 09:30:03,서남권,동작구,24,15,보통
2025-11-21 09:30:03,서남권,관악구,22,8,보통
2025-11-21 09:30:03,서남권,금천구,28,17,보통
2025-11-21 09:30:03,서남권,양천구,23,8,보통
2025-11-21 09:30:03,동남권,강남구,30,11,보통
2025-11-21 09:30:03,동남권,서초구,44,16,보통
2025-11-21 09:30:03,동남권,송파구,40,11,보통
2025-11-21 09:30:03,동남권,강동구,30,10,보통
2025-11-24 09:39:26,도심권,중구,69,51,나쁨
2025-11-24 09:39:26,도심권,종로구,64,42,보통
2025-11-24 09:39:26,도심권,용산구,56,38,보통
2025-11-24 09:39:26,서북권,은평구,71,56,나쁨
2025-11-24 09:39:26,서북권,서대문구,55,49,나쁨
2025-11-24 09:39:26,서북권,마포구,52,46,나쁨
2025-11-24 09:39:26,동북권,광진구,57,43,나쁨
2025-11-24 09:39:26,동북권,성동구,63,42,보통
2025-11-24 09:39:26,동북권,중랑구,67,49,나쁨
2025-11-24 09:39:26,동북권,동대문구,62,40,보통
2025-11-24 09:39:26,동북권,성북구,68,49,나쁨
2025-11-24 09:39:26,동북권,도봉구,64,51,나쁨
2025-11-24 09:39:26,동북권,강북구,67,49,나쁨
2025-11-24 09:39:26,동북권,노원구,65,45,나쁨
2025-11-24 09:39:26,서남권,강서구,61,36,보통
2025-11-24 09:39:26,서남권,구로구,64,49,나쁨
2025-11-24 09:39:26,서남권,영등포구,59,44,나쁨
2025-11-24 09:39:26,서남권,동작구,53,40,보통
2025-11-24 09:39:26,서남권,관악구,52,38,보통
2025-11-24 09:39:26,서남권,금천구,53,45,나쁨
2025-11-24 09:39:26,서남권,양천구,64,38,보통
2025-11-24 09:39:26,동남권,강남구,60,41,보통
2025-11-24 09:39:26,동남권,서초구,72,54,나쁨
2025-11-24 09:39:26,동남권,송파구,55,37,보통
2025-11-24 09:39:26,동남권,강동구,87,66,나쁨
2025-11-24 13:30:04,도심권,중구,72,49,나쁨
2025-11-24 13:30:04,도심권,종로구,62,37,보통
2025-11-24 13:30:04,도심권,용산구,60,35,보통
2025-11-24 13:30:04,서북권,은평구,77,47,나쁨
2025-11-24 13:30:04,서북권,서대문구,58,49,나쁨
2025-11-24 13:30:04,서북권,마포구,53,37,나쁨
2025-11-24 13:30:04,동북권,광진구,53,40,None
2025-11-24 13:30:04,동북권,성동구,55,38,보통
2025-11-24 13:30:04,동북권,중랑구,59,41,나쁨
2025-11-24 13:30:04,동북권,동대문구,0,0,None
2025-11-24 13:30:04,동북권,성북구,65,44,나쁨
2025-11-24 13:30:04,동북권,도봉구,69,54,나쁨
2025-11-24 13:30:04,동북권,강북구,72,47,나쁨
2025-11-24 13:30:04,동북권,노원구,61,39,나쁨
2025-11-24 13:30:04,서남권,강서구,63,35,보통
2025-11-24 13:30:04,서남권,구로구,67,45,나쁨
2025-11-24 13:30:04,서남권,영등포구,59,44,나쁨
2025-11-24 13:30:04,서남권,동작구,53,34,보통
2025-11-24 13:30:04,서남권,관악구,56,37,보통
2025-11-24 13:30:04,서남권,금천구,55,45,나쁨
2025-11-24 13:30:04,서남권,양천구,65,35,보통
2025-11-24 13:30:04,동남권,강남구,56,38,보통
2025-11-24 13:30:04,동남권,서초구,74,52,나쁨
2025-11-24 13:30:04,동남권,송파구,48,33,보통
2025-11-24 13:30:04,동남권,강동구,72,46,나쁨
2025-11-27 09:30:03,도심권,중구,38,28,보통
2025-11-27 09:30:03,도심권,종로구,37,26,보통
2025-11-27 09:30:03,도심권,용산구,31,21,보통
2025-11-27 09:30:03,서북권,은평구,33,19,보통
2025-11-27 09:30:03,서북권,서대문구,33,31,보통
2025-11-27 09:30:03,서북권,마포구,29,22,보통
2025-11-27 09:30:03,동북권,광진구,37,27,보통
2025-11-27 09:30:03,동북권,성동구,35,25,보통
2025-11-27 09:30:03,동북권,중랑구,41,29,보통
2025-11-27 09:30:03,동북권,동대문구,39,27,보통
2025-11-27 09:30:03,동북권,성북구,45,27,보통
2025-11-27 09:30:03,동북권,도봉구,39,35,보통
2025-11-27 09:30:03,동북권,강북구,41,27,보통
2025-11-27 09:30:03,동북권,노원구,43,29,보통
2025-11-27 09:30:03,서남권,강서구,25,11,보통
2025-11-27 09:30:03,서남권,구로구,28,17,보통
2025-11-27 09:30:03,서남권,영등포구,23,15,보통
2025-11-27 09:30:03,서남권,동작구,21,12,보통
2025-11-27 09:30:03,서남권,관악구,20,13,보통
2025-11-27 09:30:03,서남권,금천구,0,0,None
2025-11-27 09:30:03,서남권,양천구,26,12,보통
2025-11-27 09:30:03,동남권,강남구,38,26,보통
2025-11-27 09:30:03,동남권,서초구,39,24,보통
2025-11-27 09:30:03,동남권,송파구,38,21,보통
2025-11-27 09:30:03,동남권,강동구,47,27,보통
2025-12-02 09:30:02,도심권,중구,17,8,좋음
2025-12-02 09:30:02,도심권,종로구,12,8,좋음
2025-12-02 09:30:02,도심권,용산구,26,8,좋음
2025-12-02 09:30:02,서북권,은평구,25,14,좋음
2025-12-02 09:30:02,서북권,서대문구,16,13,좋음
2025-12-02 09:30:02,서북권,마포구,22,13,좋음
2025-12-02 09:30:02,동북권,광진구,17,8,좋음
2025-12-02 09:30:02,동북권,성동구,17,8,좋음
2025-12-02 09:30:02,동북권,중랑구,19,11,좋음
2025-12-02 09:30:02,동북권,동대문구,17,6,좋음
2025-12-02 09:30:02,동북권,성북구,20,12,좋음
2025-12-02 09:30:02,동북권,도봉구,14,8,좋음
2025-12-02 09:30:02,동북권,강북구,19,6,보통
2025-12-02 09:30:02,동북권,노원구,26,15,좋음
2025-12-02 09:30:02,서남권,강서구,27,10,좋음
2025-12-02 09:30:02,서남권,구로구,29,0,좋음
2025-12-02 09:30:02,서남권,영등포구,23,13,좋음
2025-12-02 09:30:02,서남권,동작구,19,11,좋음
2025-12-02 09:30:02,서남권,관악구,18,9,좋음
2025-12-02 09:30:02,서남권,금천구,0,0,None
2025-12-02 09:30:02,서남권,양천구,25,10,좋음
2025-12-02 09:30:02,동남권,강남구,17,8,좋음
2025-12-02 09:30:02,동남권,서초구,0,11,None
2025-12-02 09:30:02,동남권,송파구,17,9,좋음
2025-12-02 09:30:02,동남권,강동구,28,10,좋음
2025-12-04 13:30:02,도심권,중구,31,15,좋음
2025-12-04 13:30:02,도심권,종로구,21,9,좋음
2025-12-04 13:30:02,도심권,용산구,33,11,좋음
2025-12-04 13:30:02,서북권,은평구,28,11,좋음
2025-12-04 13:30:02,서북권,서대문구,25,18,좋음
2025-12-04 13:30:02,서북권,마포구,30,0,좋음
2025-12-04 13:30:02,동북권,광진구,22,9,좋음
2025-12-04 13:30:02,동북권,성동구,26,11,좋음
2025-12-04 13:30:02,동북권,중랑구,25,15,좋음
2025-12-04 13:30:02,동북권,동대문구,34,15,좋음
2025-12-04 13:30:02,동북권,성북구,28,14,좋음
2025-12-04 13:30:02,동북권,도봉구,23,16,좋음
2025-12-04 13:30:02,동북권,강북구,32,20,좋음
2025-12-04 13:30:02,동북권,노원구,28,18,좋음
2025-12-04 13:30:02,서남권,강서구,24,9,좋음
2025-12-04 13:30:02,서남권,구로구,30,7,좋음
2025-12-04 13:30:02,서남권,영등포구,29,16,좋음
2025-12-04 13:30:02,서남권,동작구,25,12,좋음
2025-12-04 13:30:02,서남권,관악구,21,12,좋음
2025-12-04 13:30:02,서남권,금천구,0,0,None
2025-12-04 13:30:02,서남권,양천구,30,12,좋음
2025-12-04 13:30:02,동남권,강남구,26,10,좋음
2025-12-04 13:30:02,동남권,서초구,30,10,좋음
2025-12-04 13:30:02,동남권,송파구,19,10,좋음
2025-12-04 13:30:02,동남권,강동구,27,8,좋음
2025-11-18 13:30:03,도심권,중구,21,7,좋음
2025-11-18 13:30:03,도심권,종로구,17,6,좋음
2025-11-18 13:30:03,도심권,용산구,0,0,None
2025-11-18 13:30:03,서북권,은평구,22,10,좋음
2025-11-18 13:30:03,서북권,서대문구,18,10,좋음
2025-11-18 13:30:03,서북권,마포구,30,16,좋음
2025-11-18 13:30:03,동북권,광진구,16,7,보통
2025-11-18 13:30:03,동북권,성동구,22,8,좋음
2025-11-18 13:30:03,동북권,중랑구,20,8,좋음
2025-11-18 13:30:03,동북권,동대문구,19,5,좋음
2025-11-18 13:30:03,동북권,성북구,0,2,보통
2025-11-18 13:30:03,동북권,도봉구,18,6,좋음
2025-11-18 13:30:03,동북권,강북구,21,9,좋음
2025-11-18 13:30:03,동북권,노원구,17,6,좋음
2025-11-18 13:30:03,서남권,강서구,26,5,보통
2025-11-18 13:30:03,서남권,구로구,29,7,보통
2025-11-18 13:30:03,서남권,영등포구,24,12,좋음
2025-11-18 13:30:03,서남권,동작구,22,9,좋음
2025-11-18 13:30:03,서남권,관악구,17,6,좋음
2025-11-18 13:30:03,서남권,금천구,25,10,좋음
2025-11-18 13:30:03,서남권,양천구,23,6,좋음
2025-11-18 13:30:03,동남권,강남구,16,2,좋음
2025-11-18 13:30:03,동남권,서초구,24,7,좋음
2025-11-18 13:30:03,동남권,송파구,18,6,좋음
2025-11-18 13:30:03,동남권,강동구,25,6,좋음
2025-11-20 09:30:04,도심권,중구,44,25,보통
2025-11-20 09:30:04,도심권,종로구,40,26,보통
2025-11-20 09:30:04,도심권,용산구,48,19,보통
2025-11-20 09:30:04,서북권,은평구,43,25,보통
2025-11-20 09:30:04,서북권,서대문구,36,23,보통
2025-11-20 09:30:04,서북권,마포구,39,25,보통
2025-11-20 09:30:04,동북권,광진구,36,21,보통
2025-11-20 09:30:04,동북권,성동구,37,22,보통
2025-11-20 09:30:04,동북권,중랑구,39,23,보통
2025-11-20 09:30:04,동북권,동대문구,40,21,보통
2025-11-20 09:30:04,동북권,성북구,43,27,보통
2025-11-20 09:30:04,동북권,도봉구,43,24,보통
2025-11-20 09:30:04,동북권,강북구,38,21,보통
2025-11-20 09:30:04,동북권,노원구,42,26,보통
2025-11-20 09:30:04,서남권,강서구,45,21,보통
2025-11-20 09:30:04,서남권,구로구,53,26,보통
2025-11-20 09:30:04,서남권,영등포구,41,21,보통
2025-11-20 09:30:04,서남권,동작구,39,22,보통
2025-11-20 09:30:04,서남권,관악구,37,20,보통
2025-11-20 09:30:04,서남권,금천구,37,23,보통
2025-11-20 09:30:04,서남권,양천구,47,18,보통
2025-11-20 09:30:04,동남권,강남구,45,23,보통
2025-11-20 09:30:04,동남권,서초구,57,34,보통
2025-11-20 09:30:04,동남권,송파구,38,22,보통
2025-11-20 09:30:04,동남권,강동구,55,31,보통
2025-12-03 09:30:03,도심권,중구,16,6,좋음
2025-12-03 09:30:03,도심권,종로구,13,7,좋음
2025-12-03 09:30:03,도심권,용산구,26,7,좋음
2025-12-03 09:30:03,서북권,은평구,22,9,좋음
2025-12-03 09:30:03,서북권,서대문구,19,7,좋음
2025-12-03 09:30:03,서북권,마포구,14,5,좋음
2025-12-03 09:30:03,동북권,광진구,17,6,좋음
2025-12-03 09:30:03,동북권,성동구,13,5,좋음
2025-12-03 09:30:03,동북권,중랑구,14,5,좋음
2025-12-03 09:30:03,동북권,동대문구,11,2,좋음
2025-12-03 09:30:03,동북권,성북구,16,8,좋음
2025-12-03 09:30:03,동북권,도봉구,15,11,좋음
2025-12-03 09:30:03,동북권,강북구,18,3,좋음
2025-12-03 09:30:03,동북권,노원구,17,6,좋음
2025-12-03 09:30:03,서남권,강서구,17,6,좋음
2025-12-03 09:30:03,서남권,구로구,27,6,좋음
2025-12-03 09:30:03,서남권,영등포구,11,3,좋음
2025-12-03 09:30:03,서남권,동작구,14,5,좋음
2025-12-03 09:30:03,서남권,관악구,15,4,좋음
2025-12-03 09:30:03,서남권,금천구,0,0,None
2025-12-03 09:30:03,서남권,양천구,18,5,좋음
2025-12-03 09:30:03,동남권,강남구,14,2,좋음
2025-12-03 09:30:03,동남권,서초구,21,7,좋음
2025-12-03 09:30:03,동남권,송파구,12,3,좋음
2025-12-03 09:30:03,동남권,강동구,21,5,좋음
2025-12-03 13:30:02,도심권,중구,20,7,좋음
2025-12-03 13:30:02,도심권,종로구,22,12,좋음
2025-12-03 13:30:02,도심권,용산구,36,10,좋음
2025-12-03 13:30:02,서북권,은평구,27,10,보통
2025-12-03 13:30:02,서북권,서대문구,25,10,보통
2025-12-03 13:30:02,서북권,마포구,28,20,보통
2025-12-03 13:30:02,동북권,광진구,20,7,보통
2025-12-03 13:30:02,동북권,성동구,0,0,None
2025-12-03 13:30:02,동북권,중랑구,21,9,좋음
2025-12-03 13:30:02,동북권,동대문구,26,10,좋음
2025-12-03 13:30:02,동북권,성북구,23,11,좋음
2025-12-03 13:30:02,동북권,도봉구,21,10,보통
2025-12-03 13:30:02,동북권,강북구,28,15,보통
2025-12-03 13:30:02,동북권,노원구,28,15,보통
2025-12-03 13:30:02,서남권,강서구,25,7,좋음
2025-12-03 13:30:02,서남권,구로구,0,0,None
2025-12-03 13:30:02,서남권,영등포구,23,11,좋음
2025-12-03 13:30:02,서남권,동작구,21,11,좋음
2025-12-03 13:30:02,서남권,관악구,22,11,좋음
2025-12-03 13:30:02,서남권,금천구,0,0,None
2025-12-03 13:30:02,서남권,양천구,0,0,None
2025-12-03 13:30:02,동남권,강남구,17,8,좋음
2025-12-03 13:30:02,동남권,서초구,34,12,좋음
2025-12-03 13:30:02,동남권,송파구,21,9,좋음
2025-12-03 13:30:02,동남권,강동구,27,8,보통
